ip,date,time,method,url,status_code
,/socket.io/?EIO=3&transport=polling&t=1457960929463-5290&sid=PnjLqvTRz23llV5_AADT ,200
178.250.62.30,14/03/16,15:08:55,GET,/socket.io/?EIO=3&transport=polling&t=1457960910213-36&sid=FfmDWF84rKexIW__AADU ,200
178.250.62.30,14/03/16,15:08:55,POST,/socket.io/?EIO=3&transport=polling&t=1457960935221-37&sid=FfmDWF84rKexIW__AADU ,200
141.170.240.20,14/03/16,15:09:16,GET,/socket.io/?EIO=3&transport=polling&t=1457960929556-5291&sid=PnjLqvTRz23llV5_AADT ,200
141.170.240.20,14/03/16,15:09:16,POST,/socket.io/?EIO=3&transport=polling&t=1457960955857-5292&sid=PnjLqvTRz23llV5_AADT ,200
178.250.62.30,14/03/16,15:09:20,GET,/socket.io/?EIO=3&transport=polling&t=1457960935346-38&sid=FfmDWF84rKexIW__AADU ,200
178.250.62.30,14/03/16,15:09:20,POST,/socket.io/?EIO=3&transport=polling&t=1457960960369-39&sid=FfmDWF84rKexIW__AADU ,200
178.250.62.30,14/03/16,15:09:45,GET,/socket.io/?EIO=3&transport=polling&t=1457960960494-40&sid=FfmDWF84rKexIW__AADU ,200
178.250.62.30,14/03/16,15:09:45,POST,/socket.io/?EIO=3&transport=polling&t=1457960985501-41&sid=FfmDWF84rKexIW__AADU ,200
141.170.240.20,14/03/16,15:09:48,GET,/socket.io/?EIO=3&transport=polling&t=1457960955955-5293&sid=PnjLqvTRz23llV5_AADT ,200
141.170.240.20,14/03/16,15:09:48,POST,/socket.io/?EIO=3&transport=polling&t=1457960988522-5294&sid=PnjLqvTRz23llV5_AADT ,200
178.250.62.30,14/03/16,15:10:10,GET,/socket.io/?EIO=3&transport=polling&t=1457960985627-42&sid=FfmDWF84rKexIW__AADU ,200
178.250.62.30,14/03/16,15:10:10,POST,/socket.io/?EIO=3&transport=polling&t=1457961010634-43&sid=FfmDWF84rKexIW__AADU ,200
141.170.240.20,14/03/16,15:10:14,GET,/socket.io/?EIO=3&transport=polling&t=1457960988638-5295&sid=PnjLqvTRz23llV5_AADT ,200
141.170.240.20,14/03/16,15:10:14,POST,/socket.io/?EIO=3&transport=polling&t=1457961014366-5296&sid=PnjLqvTRz23llV5_AADT ,200
178.250.62.30,14/03/16,15:10:35,GET,/socket.io/?EIO=3&transport=polling&t=1457961010759-44&sid=FfmDWF84rKexIW__AADU ,200
178.250.62.30,14/03/16,15:10:35,POST,/socket.io/?EIO=3&transport=polling&t=1457961035767-45&sid=FfmDWF84rKexIW__AADU ,200
141.170.240.20,14/03/16,15:10:42,GET,/socket.io/?EIO=3&transport=polling&t=1457961014478-5297&sid=PnjLqvTRz23llV5_AADT ,200
141.170.240.20,14/03/16,15:10:42,POST,/socket.io/?EIO=3&transport=polling&t=1457961041860-5298&sid=PnjLqvTRz23llV5_AADT ,200
178.250.62.30,14/03/16,15:10:43,POST,/ ,200
178.250.62.30,14/03/16,15:10:49,POST,/socket.io/?EIO=3&transport=polling&t=1457961049329-47&sid=FfmDWF84rKexIW__AADU ,200
178.250.62.30,14/03/16,15:10:49,POST,/socket.io/?EIO=3&transport=polling&t=1457961049461-48&sid=FfmDWF84rKexIW__AADU ,200
178.250.62.30,14/03/16,15:10:57,GET,/?stats=%5B%22_user_tags%22%2C%22status%22%5D&doctype=Quotation&cmd=frappe.desk.reportview.get_stats&_=1457960532545 ,200
178.250.62.30,14/03/16,15:10:57,GET,/?limit_start=0&limit_page_length=20&doctype=Quotation&fields=%5B%22%60tabQuotation%60.%60name%60%22%2C%22%60tabQuotation%60.%60owner%60%22%2C%22%60tabQuotation%60.%60docstatus%60%22%2C%22%60tabQuotation%60.%60_user_tags%60%22%2C%22%60tabQuotation%60.%60_comments%60%22%2C%22%60tabQuotation%60.%60modified%60%22%2C%22%60tabQuotation%60.%60modified_by%60%22%2C%22%60tabQuotation%60.%60_assign%60%22%2C%22%60tabQuotation%60.%60_liked_by%60%22%2C%22%60tabQuotation%60.%60title%60%22%2C%22%60tabQuotation%60.%60grand_total%60%22%2C%22%60tabQuotation%60.%60currency%60%22%2C%22%60tabQuotation%60.%60status%60%22%2C%22%60tabQuotation%60.customer_name%22%2C%22%60tabQuotation%60.base_grand_total%22%2C%22%60tabQuotation%60.status%22%2C%22%60tabQuotation%60.company%22%2C%22%60tabQuotation%60.currency%22%5D&filters=%5B%5B%22Quotation%22%2C%22docstatus%22%2C%22%3D%22%2C%220%22%5D%5D&with_comment_count=true&cmd=frappe.desk.reportview.get&_=1457960532546 ,200
178.250.62.30,14/03/16,15:11:01,GET,/socket.io/?EIO=3&transport=polling&t=1457961035893-46&sid=FfmDWF84rKexIW__AADU ,200
178.250.62.30,14/03/16,15:11:01,POST,/socket.io/?EIO=3&transport=polling&t=1457961060893-49&sid=FfmDWF84rKexIW__AADU ,200
141.170.240.20,14/03/16,15:11:07,GET,/socket.io/?EIO=3&transport=polling&t=1457961041954-5299&sid=PnjLqvTRz23llV5_AADT ,200
141.170.240.20,14/03/16,15:11:07,POST,/socket.io/?EIO=3&transport=polling&t=1457961067340-5300&sid=PnjLqvTRz23llV5_AADT ,200
178.250.62.30,14/03/16,15:11:13,POST,/ ,200
178.250.62.30,14/03/16,15:11:25,POST,/ ,200
178.250.62.30,14/03/16,15:11:26,GET,/socket.io/?EIO=3&transport=polling&t=1457961060963-50&sid=FfmDWF84rKexIW__AADU ,200
178.250.62.30,14/03/16,15:11:26,POST,/socket.io/?EIO=3&transport=polling&t=1457961085965-51&sid=FfmDWF84rKexIW__AADU ,200
178.250.62.30,14/03/16,15:11:40,GET,/?stats=%5B%22_user_tags%22%2C%22status%22%5D&doctype=Quotation&cmd=frappe.desk.reportview.get_stats&_=1457960532547 ,200
178.250.62.30,14/03/16,15:11:40,GET,/?limit_start=0&limit_page_length=20&doctype=Quotation&fields=%5B%22%60tabQuotation%60.%60name%60%22%2C%22%60tabQuotation%60.%60owner%60%22%2C%22%60tabQuotation%60.%60docstatus%60%22%2C%22%60tabQuotation%60.%60_user_tags%60%22%2C%22%60tabQuotation%60.%60_comments%60%22%2C%22%60tabQuotation%60.%60modified%60%22%2C%22%60tabQuotation%60.%60modified_by%60%22%2C%22%60tabQuotation%60.%60_assign%60%22%2C%22%60tabQuotation%60.%60_liked_by%60%22%2C%22%60tabQuotation%60.%60title%60%22%2C%22%60tabQuotation%60.%60grand_total%60%22%2C%22%60tabQuotation%60.%60currency%60%22%2C%22%60tabQuotation%60.%60status%60%22%2C%22%60tabQuotation%60.customer_name%22%2C%22%60tabQuotation%60.base_grand_total%22%2C%22%60tabQuotation%60.status%22%2C%22%60tabQuotation%60.company%22%2C%22%60tabQuotation%60.currency%22%5D&filters=%5B%5B%22Quotation%22%2C%22docstatus%22%2C%22%3D%22%2C%220%22%5D%5D&with_comment_count=true&cmd=frappe.desk.reportview.get&_=1457960532548 ,200
141.170.240.20,14/03/16,15:11:42,GET,/socket.io/?EIO=3&transport=polling&t=1457961067439-5301&sid=PnjLqvTRz23llV5_AADT ,200
141.170.240.20,14/03/16,15:11:42,POST,/socket.io/?EIO=3&transport=polling&t=1457961102036-5302&sid=PnjLqvTRz23llV5_AADT ,200
178.250.62.30,14/03/16,15:11:42,GET,/?company=ENIP&date=2016-03-14&verbose=0&cmd=erpnext.accounts.utils.get_fiscal_year&_=1457960532549 ,200
178.250.62.30,14/03/16,15:11:43,POST,/ ,200
178.250.62.30,14/03/16,15:11:43,POST,/ ,200
178.250.62.30,14/03/16,15:11:43,GET,/?value=ENIP&options=Company&fetch=&cmd=frappe.desk.form.utils.validate_link&_=1457960532550 ,200
178.250.62.30,14/03/16,15:11:43,GET,/?value=CHF&options=Currency&fetch=&cmd=frappe.desk.form.utils.validate_link&_=1457960532551 ,200
178.250.62.30,14/03/16,15:11:43,GET,/?value=Standard+Selling&options=Price+List&fetch=&cmd=frappe.desk.form.utils.validate_link&_=1457960532552 ,200
178.250.62.30,14/03/16,15:11:43,GET,/?value=CHF&options=Currency&fetch=&cmd=frappe.desk.form.utils.validate_link&_=1457960532553 ,200
178.250.62.30,14/03/16,15:11:43,GET,/?value=Allgemeine+Gesch%C3%A4ftsbedingungen+(AGB)+f%C3%BCr+Verkauf%2C+Optimierung+und+Service&options=Terms+and+Conditions&fetch=&cmd=frappe.desk.form.utils.validate_link&_=1457960532554 ,200
178.250.62.30,14/03/16,15:11:43,GET,/?value=2016&options=Fiscal+Year&fetch=&cmd=frappe.desk.form.utils.validate_link&_=1457960532556 ,200
178.250.62.30,14/03/16,15:11:43,GET,/?value=ENIP+Default&options=Letter+Head&fetch=&cmd=frappe.desk.form.utils.validate_link&_=1457960532555 ,200
178.250.62.30,14/03/16,15:11:43,GET,/?company=ENIP&date=2016-03-14&verbose=0&cmd=erpnext.accounts.utils.get_fiscal_year&_=1457960532557 ,200
178.250.62.30,14/03/16,15:11:43,POST,/ ,200
178.250.62.30,14/03/16,15:11:43,POST,/ ,200
178.250.62.30,14/03/16,15:11:43,POST,/ ,200
178.250.62.30,14/03/16,15:11:43,POST,/ ,200
178.250.62.30,14/03/16,15:11:43,POST,/ ,200
178.250.62.30,14/03/16,15:11:43,POST,/ ,200
178.250.62.30,14/03/16,15:11:43,GET,/?txt=&doctype=Customer&query=erpnext.controllers.queries.customer_query&cmd=frappe.desk.search.search_link&_=1457960532558 ,200
178.250.62.30,14/03/16,15:11:47,GET,/?txt=A&doctype=Customer&query=erpnext.controllers.queries.customer_query&cmd=frappe.desk.search.search_link&_=1457960532559 ,200
178.250.62.30,14/03/16,15:11:48,GET,/?txt=Amman&doctype=Customer&query=erpnext.controllers.queries.customer_query&cmd=frappe.desk.search.search_link&_=1457960532560 ,200
178.250.62.30,14/03/16,15:11:49,GET,/?value=KND-101470&options=Customer&fetch=&cmd=frappe.desk.form.utils.validate_link&_=1457960532561 ,200
178.250.62.30,14/03/16,15:11:49,POST,/ ,200
178.250.62.30,14/03/16,15:11:51,GET,/socket.io/?EIO=3&transport=polling&t=1457961086035-52&sid=FfmDWF84rKexIW__AADU ,200
178.250.62.30,14/03/16,15:11:51,POST,/socket.io/?EIO=3&transport=polling&t=1457961111041-53&sid=FfmDWF84rKexIW__AADU ,200
178.250.62.30,14/03/16,15:12:13,POST,/ ,200
178.250.62.30,14/03/16,15:12:16,GET,/socket.io/?EIO=3&transport=polling&t=1457961111103-54&sid=FfmDWF84rKexIW__AADU ,200
178.250.62.30,14/03/16,15:12:16,POST,/socket.io/?EIO=3&transport=polling&t=1457961136123-55&sid=FfmDWF84rKexIW__AADU ,200
141.170.240.20,14/03/16,15:12:24,GET,/socket.io/?EIO=3&transport=polling&t=1457961102125-5303&sid=PnjLqvTRz23llV5_AADT ,200
141.170.240.20,14/03/16,15:12:24,POST,/socket.io/?EIO=3&transport=polling&t=1457961144773-5304&sid=PnjLqvTRz23llV5_AADT ,200
178.250.62.30,14/03/16,15:12:31,GET,/?doctype=Address&with_parent=1&cached_timestamp=&cmd=frappe.desk.form.load.getdoctype&_=1457960532562 ,200
178.250.62.30,14/03/16,15:12:31,GET,/?doctype=Address&name=KND-101470-Office&cmd=frappe.desk.form.load.getdoc&_=1457960532563 ,200
178.250.62.30,14/03/16,15:12:31,POST,/socket.io/?EIO=3&transport=polling&t=1457961151542-57&sid=FfmDWF84rKexIW__AADU ,200
178.250.62.30,14/03/16,15:12:31,POST,/socket.io/?EIO=3&transport=polling&t=1457961151612-58&sid=FfmDWF84rKexIW__AADU ,200
178.250.62.30,14/03/16,15:12:31,GET,/socket.io/?EIO=3&transport=polling&t=1457961136185-56&sid=FfmDWF84rKexIW__AADU ,200
93.77.255.165,14/03/16,15:12:31,GET,/api/method/frappe.async.can_subscribe_doc ,200
93.77.255.165,14/03/16,15:12:32,GET,/api/method/frappe.async.can_subscribe_doc ,200
178.250.62.30,14/03/16,15:12:35,GET,/socket.io/?EIO=3&transport=polling&t=1457961151865-59&sid=FfmDWF84rKexIW__AADU ,200
141.170.240.20,14/03/16,15:12:35,GET,/socket.io/?EIO=3&transport=polling&t=1457961144860-5305&sid=PnjLqvTRz23llV5_AADT ,200
178.250.62.30,14/03/16,15:12:35,POST,/ ,200
178.250.62.30,14/03/16,15:12:35,GET,/socket.io/?EIO=3&transport=polling&t=1457961155313-60&sid=FfmDWF84rKexIW__AADU ,200
178.250.62.30,14/03/16,15:12:35,POST,/socket.io/?EIO=3&transport=polling&t=1457961155379-61&sid=FfmDWF84rKexIW__AADU ,200
178.250.62.30,14/03/16,15:12:35,GET,/socket.io/?EIO=3&transport=polling&t=1457961155412-62&sid=FfmDWF84rKexIW__AADU ,200
93.77.255.165,14/03/16,15:12:35,GET,/api/method/frappe.async.can_subscribe_doc ,200
178.250.62.30,14/03/16,15:12:41,GET,/socket.io/?EIO=3&transport=polling&t=1457961155678-63&sid=FfmDWF84rKexIW__AADU ,200
178.250.62.30,14/03/16,15:12:41,POST,/socket.io/?EIO=3&transport=polling&t=1457961161207-64&sid=FfmDWF84rKexIW__AADU ,200
178.250.62.30,14/03/16,15:12:41,GET,/?stats=%5B%22_user_tags%22%5D&doctype=Address&cmd=frappe.desk.reportview.get_stats&_=1457960532564 ,200
178.250.62.30,14/03/16,15:12:41,GET,/?limit_start=0&limit_page_length=20&doctype=Address&fields=%5B%22%60tabAddress%60.%60name%60%22%2C%22%60tabAddress%60.%60owner%60%22%2C%22%60tabAddress%60.%60docstatus%60%22%2C%22%60tabAddress%60.%60_user_tags%60%22%2C%22%60tabAddress%60.%60_comments%60%22%2C%22%60tabAddress%60.%60modified%60%22%2C%22%60tabAddress%60.%60modified_by%60%22%2C%22%60tabAddress%60.%60_assign%60%22%2C%22%60tabAddress%60.%60_liked_by%60%22%2C%22%60tabAddress%60.%60address_line1%60%22%2C%22%60tabAddress%60.%60city%60%22%2C%22%60tabAddress%60.%60pincode%60%22%5D&filters=%5B%5D&with_comment_count=true&cmd=frappe.desk.reportview.get&_=1457960532565 ,200
178.250.62.30,14/03/16,15:12:41,POST,/socket.io/?EIO=3&transport=polling&t=1457961161374-65&sid=FfmDWF84rKexIW__AADU ,200
178.250.62.30,14/03/16,15:12:41,GET,/?stats=%5B%22_user_tags%22%5D&doctype=Address&cmd=frappe.desk.reportview.get_stats&_=1457960532566 ,200
178.250.62.30,14/03/16,15:12:43,POST,/ ,200
178.250.62.30,14/03/16,15:12:53,POST,/socket.io/?EIO=3&transport=polling&t=1457961172923-67&sid=FfmDWF84rKexIW__AADU ,200
93.77.255.165,14/03/16,15:12:53,GET,/api/method/frappe.async.can_subscribe_doc ,200
178.250.62.30,14/03/16,15:12:53,GET,/socket.io/?EIO=3&transport=polling&t=1457961161376-66&sid=FfmDWF84rKexIW__AADU ,200
178.250.62.30,14/03/16,15:12:57,GET,/socket.io/?EIO=3&transport=polling&t=1457961173290-68&sid=FfmDWF84rKexIW__AADU ,200
141.170.240.20,14/03/16,15:12:57,GET,/socket.io/?EIO=3&transport=polling&t=1457961155360-5306&sid=PnjLqvTRz23llV5_AADT ,200
178.250.62.30,14/03/16,15:12:57,POST,/ ,200
141.170.240.20,14/03/16,15:12:57,POST,/socket.io/?EIO=3&transport=polling&t=1457961177386-5307&sid=PnjLqvTRz23llV5_AADT ,200
178.250.62.30,14/03/16,15:12:57,GET,/socket.io/?EIO=3&transport=polling&t=1457961177330-69&sid=FfmDWF84rKexIW__AADU ,200
141.170.240.20,14/03/16,15:12:57,GET,/socket.io/?EIO=3&transport=polling&t=1457961177387-5308&sid=PnjLqvTRz23llV5_AADT ,200
178.250.62.30,14/03/16,15:12:57,POST,/socket.io/?EIO=3&transport=polling&t=1457961177416-70&sid=FfmDWF84rKexIW__AADU ,200
178.250.62.30,14/03/16,15:12:57,GET,/socket.io/?EIO=3&transport=polling&t=1457961177448-71&sid=FfmDWF84rKexIW__AADU ,200
93.77.255.165,14/03/16,15:12:57,GET,/api/method/frappe.async.can_subscribe_doc ,200
178.250.62.30,14/03/16,15:12:59,GET,/socket.io/?EIO=3&transport=polling&t=1457961177794-72&sid=FfmDWF84rKexIW__AADU ,200
141.170.240.20,14/03/16,15:12:59,GET,/socket.io/?EIO=3&transport=polling&t=1457961177471-5309&sid=PnjLqvTRz23llV5_AADT ,200
178.250.62.30,14/03/16,15:12:59,POST,/ ,200
178.250.62.30,14/03/16,15:12:59,GET,/socket.io/?EIO=3&transport=polling&t=1457961179247-73&sid=FfmDWF84rKexIW__AADU ,200
178.250.62.30,14/03/16,15:12:59,POST,/socket.io/?EIO=3&transport=polling&t=1457961179280-74&sid=FfmDWF84rKexIW__AADU ,200
178.250.62.30,14/03/16,15:12:59,GET,/socket.io/?EIO=3&transport=polling&t=1457961179316-75&sid=FfmDWF84rKexIW__AADU ,200
93.77.255.165,14/03/16,15:12:59,GET,/api/method/frappe.async.can_subscribe_doc ,200
178.250.62.30,14/03/16,15:13:00,GET,/socket.io/?EIO=3&transport=polling&t=1457961179611-76&sid=FfmDWF84rKexIW__AADU ,200
141.170.240.20,14/03/16,15:13:00,GET,/socket.io/?EIO=3&transport=polling&t=1457961179278-5310&sid=PnjLqvTRz23llV5_AADT ,200
178.250.62.30,14/03/16,15:13:00,POST,/ ,200
178.250.62.30,14/03/16,15:13:00,POST,/socket.io/?EIO=3&transport=polling&t=1457961180437-77&sid=FfmDWF84rKexIW__AADU ,200
178.250.62.30,14/03/16,15:13:00,GET,/socket.io/?EIO=3&transport=polling&t=1457961180449-78&sid=FfmDWF84rKexIW__AADU ,200
178.250.62.30,14/03/16,15:13:00,GET,/socket.io/?EIO=3&transport=polling&t=1457961180510-79&sid=FfmDWF84rKexIW__AADU ,200
93.77.255.165,14/03/16,15:13:00,GET,/api/method/frappe.async.can_subscribe_doc ,200
178.250.62.30,14/03/16,15:13:06,GET,/socket.io/?EIO=3&transport=polling&t=1457961180712-80&sid=FfmDWF84rKexIW__AADU ,200
178.250.62.30,14/03/16,15:13:06,POST,/socket.io/?EIO=3&transport=polling&t=1457961186369-81&sid=FfmDWF84rKexIW__AADU ,200
178.250.62.30,14/03/16,15:13:11,POST,/socket.io/?EIO=3&transport=polling&t=1457961191702-83&sid=FfmDWF84rKexIW__AADU ,200
178.250.62.30,14/03/16,15:13:13,POST,/ ,200
178.250.62.30,14/03/16,15:13:13,GET,/?stats=%5B%22_user_tags%22%2C%22status%22%5D&doctype=Quotation&cmd=frappe.desk.reportview.get_stats&_=1457960532567 ,200
178.250.62.30,14/03/16,15:13:13,GET,/?limit_start=0&limit_page_length=20&doctype=Quotation&fields=%5B%22%60tabQuotation%60.%60name%60%22%2C%22%60tabQuotation%60.%60owner%60%22%2C%22%60tabQuotation%60.%60docstatus%60%22%2C%22%60tabQuotation%60.%60_user_tags%60%22%2C%22%60tabQuotation%60.%60_comments%60%22%2C%22%60tabQuotation%60.%60modified%60%22%2C%22%60tabQuotation%60.%60modified_by%60%22%2C%22%60tabQuotation%60.%60_assign%60%22%2C%22%60tabQuotation%60.%60_liked_by%60%22%2C%22%60tabQuotation%60.%60title%60%22%2C%22%60tabQuotation%60.%60grand_total%60%22%2C%22%60tabQuotation%60.%60currency%60%22%2C%22%60tabQuotation%60.%60status%60%22%2C%22%60tabQuotation%60.customer_name%22%2C%22%60tabQuotation%60.base_grand_total%22%2C%22%60tabQuotation%60.status%22%2C%22%60tabQuotation%60.company%22%2C%22%60tabQuotation%60.currency%22%5D&filters=%5B%5B%22Quotation%22%2C%22docstatus%22%2C%22%3D%22%2C%220%22%5D%5D&with_comment_count=true&cmd=frappe.desk.reportview.get&_=1457960532568 ,200
178.250.62.30,14/03/16,15:13:24,GET,/?stats=%5B%22_user_tags%22%2C%22status%22%5D&doctype=Quotation&cmd=frappe.desk.reportview.get_stats&_=1457960532569 ,200
178.250.62.30,14/03/16,15:13:30,GET,/?company=ENIP&date=2016-03-14&verbose=0&cmd=erpnext.accounts.utils.get_fiscal_year&_=1457960532570 ,200
178.250.62.30,14/03/16,15:13:30,POST,/ ,200
178.250.62.30,14/03/16,15:13:30,POST,/ ,200
178.250.62.30,14/03/16,15:13:30,GET,/?value=ENIP&options=Company&fetch=&cmd=frappe.desk.form.utils.validate_link&_=1457960532571 ,200
178.250.62.30,14/03/16,15:13:30,GET,/?value=CHF&options=Currency&fetch=&cmd=frappe.desk.form.utils.validate_link&_=1457960532572 ,200
178.250.62.30,14/03/16,15:13:30,GET,/?value=Standard+Selling&options=Price+List&fetch=&cmd=frappe.desk.form.utils.validate_link&_=1457960532573 ,200
178.250.62.30,14/03/16,15:13:30,GET,/?value=CHF&options=Currency&fetch=&cmd=frappe.desk.form.utils.validate_link&_=1457960532574 ,200
178.250.62.30,14/03/16,15:13:30,GET,/?value=Allgemeine+Gesch%C3%A4ftsbedingungen+(AGB)+f%C3%BCr+Verkauf%2C+Optimierung+und+Service&options=Terms+and+Conditions&fetch=&cmd=frappe.desk.form.utils.validate_link&_=1457960532575 ,200
178.250.62.30,14/03/16,15:13:30,GET,/?value=ENIP+Default&options=Letter+Head&fetch=&cmd=frappe.desk.form.utils.validate_link&_=1457960532576 ,200
178.250.62.30,14/03/16,15:13:30,GET,/?value=2016&options=Fiscal+Year&fetch=&cmd=frappe.desk.form.utils.validate_link&_=1457960532577 ,200
178.250.62.30,14/03/16,15:13:30,GET,/?company=ENIP&date=2016-03-14&verbose=0&cmd=erpnext.accounts.utils.get_fiscal_year&_=1457960532578 ,200
178.250.62.30,14/03/16,15:13:30,POST,/ ,200
178.250.62.30,14/03/16,15:13:30,POST,/ ,200
178.250.62.30,14/03/16,15:13:30,POST,/ ,200
178.250.62.30,14/03/16,15:13:30,POST,/ ,200
178.250.62.30,14/03/16,15:13:30,POST,/ ,200
178.250.62.30,14/03/16,15:13:30,GET,/?txt=&doctype=Customer&query=erpnext.controllers.queries.customer_query&cmd=frappe.desk.search.search_link&_=1457960532579 ,200
178.250.62.30,14/03/16,15:13:31,GET,/socket.io/?EIO=3&transport=polling&t=1457961186513-82&sid=FfmDWF84rKexIW__AADU ,200
178.250.62.30,14/03/16,15:13:31,POST,/socket.io/?EIO=3&transport=polling&t=1457961211519-84&sid=FfmDWF84rKexIW__AADU ,200
178.250.62.30,14/03/16,15:13:34,GET,/?txt=A&doctype=Customer&query=erpnext.controllers.queries.customer_query&cmd=frappe.desk.search.search_link&_=1457960532580 ,200
178.250.62.30,14/03/16,15:13:35,GET,/?txt=Amman&doctype=Customer&query=erpnext.controllers.queries.customer_query&cmd=frappe.desk.search.search_link&_=1457960532581 ,200
178.250.62.30,14/03/16,15:13:37,GET,/?value=KND-101470&options=Customer&fetch=&cmd=frappe.desk.form.utils.validate_link&_=1457960532582 ,200
178.250.62.30,14/03/16,15:13:37,POST,/ ,200
178.250.62.30,14/03/16,15:13:40,GET,/?txt=&doctype=Quotation+Contract+Type&cmd=frappe.desk.search.search_link&_=1457960532583 ,200
178.250.62.30,14/03/16,15:13:43,POST,/ ,200
141.170.240.20,14/03/16,15:13:43,GET,/socket.io/?EIO=3&transport=polling&t=1457961180446-5311&sid=PnjLqvTRz23llV5_AADT ,200
141.170.240.20,14/03/16,15:13:43,POST,/socket.io/?EIO=3&transport=polling&t=1457961223437-5312&sid=PnjLqvTRz23llV5_AADT ,200
178.250.62.30,14/03/16,15:13:50,GET,/?value=Verkauf+und+Montage&options=Quotation+Contract+Type&fetch=&cmd=frappe.desk.form.utils.validate_link&_=1457960532584 ,200
178.250.62.30,14/03/16,15:13:50,POST,/ ,200
178.250.62.30,14/03/16,15:13:52,GET,/?txt=&doctype=Quotation+Specification&cmd=frappe.desk.search.search_link&_=1457960532585 ,200
178.250.62.30,14/03/16,15:13:56,GET,/?value=K%C3%A4lte&options=Quotation+Specification&fetch=&cmd=frappe.desk.form.utils.validate_link&_=1457960532586 ,200
178.250.62.30,14/03/16,15:13:56,GET,/socket.io/?EIO=3&transport=polling&t=1457961211584-85&sid=FfmDWF84rKexIW__AADU ,200
178.250.62.30,14/03/16,15:13:56,POST,/socket.io/?EIO=3&transport=polling&t=1457961236593-86&sid=FfmDWF84rKexIW__AADU ,200
141.170.240.20,14/03/16,15:14:10,GET,/socket.io/?EIO=3&transport=polling&t=1457961223530-5313&sid=PnjLqvTRz23llV5_AADT ,200
141.170.240.20,14/03/16,15:14:10,POST,/socket.io/?EIO=3&transport=polling&t=1457961249997-5314&sid=PnjLqvTRz23llV5_AADT ,200
178.250.62.30,14/03/16,15:14:13,POST,/ ,200
178.250.62.30,14/03/16,15:14:21,GET,/socket.io/?EIO=3&transport=polling&t=1457961236655-87&sid=FfmDWF84rKexIW__AADU ,200
178.250.62.30,14/03/16,15:14:21,POST,/socket.io/?EIO=3&transport=polling&t=1457961261672-88&sid=FfmDWF84rKexIW__AADU ,200
141.170.240.20,14/03/16,15:14:38,GET,/socket.io/?EIO=3&transport=polling&t=1457961250082-5315&sid=PnjLqvTRz23llV5_AADT ,200
141.170.240.20,14/03/16,15:14:38,POST,/socket.io/?EIO=3&transport=polling&t=1457961278748-5316&sid=PnjLqvTRz23llV5_AADT ,200
178.250.62.30,14/03/16,15:14:43,POST,/ ,200
178.250.62.30,14/03/16,15:14:46,GET,/socket.io/?EIO=3&transport=polling&t=1457961261797-89&sid=FfmDWF84rKexIW__AADU ,200
178.250.62.30,14/03/16,15:14:46,POST,/socket.io/?EIO=3&transport=polling&t=1457961286810-90&sid=FfmDWF84rKexIW__AADU ,200
178.250.62.30,14/03/16,15:15:12,GET,/socket.io/?EIO=3&transport=polling&t=1457961286872-91&sid=FfmDWF84rKexIW__AADU ,200
178.250.62.30,14/03/16,15:15:12,POST,/socket.io/?EIO=3&transport=polling&t=1457961311884-92&sid=FfmDWF84rKexIW__AADU ,200
178.250.62.30,14/03/16,15:15:13,POST,/ ,200
141.170.240.20,14/03/16,15:15:35,GET,/socket.io/?EIO=3&transport=polling&t=1457961278838-5317&sid=PnjLqvTRz23llV5_AADT ,200
141.170.240.20,14/03/16,15:15:35,POST,/socket.io/?EIO=3&transport=polling&t=1457961335493-5318&sid=PnjLqvTRz23llV5_AADT ,200
178.250.62.30,14/03/16,15:15:37,GET,/socket.io/?EIO=3&transport=polling&t=1457961312024-93&sid=FfmDWF84rKexIW__AADU ,200
178.250.62.30,14/03/16,15:15:37,POST,/socket.io/?EIO=3&transport=polling&t=1457961337030-94&sid=FfmDWF84rKexIW__AADU ,200
178.250.62.30,14/03/16,15:15:40,GET,/?txt=&doctype=Employee&cmd=frappe.desk.search.search_link&_=1457960532587 ,200
178.250.62.30,14/03/16,15:15:41,GET,/?value=Claudio+Corrado&options=Employee&fetch=&cmd=frappe.desk.form.utils.validate_link&_=1457960532588 ,200
178.250.62.30,14/03/16,15:15:43,POST,/ ,200
178.250.62.30,14/03/16,15:16:02,GET,/socket.io/?EIO=3&transport=polling&t=1457961337170-95&sid=FfmDWF84rKexIW__AADU ,200
178.250.62.30,14/03/16,15:16:02,POST,/socket.io/?EIO=3&transport=polling&t=1457961362179-96&sid=FfmDWF84rKexIW__AADU ,200
141.170.240.20,14/03/16,15:16:04,GET,/socket.io/?EIO=3&transport=polling&t=1457961335601-5319&sid=PnjLqvTRz23llV5_AADT ,200
141.170.240.20,14/03/16,15:16:04,POST,/socket.io/?EIO=3&transport=polling&t=1457961364237-5320&sid=PnjLqvTRz23llV5_AADT ,200
178.250.62.30,14/03/16,15:16:13,POST,/ ,201
178.250.62.30,14/03/16,15:16:27,GET,/socket.io/?EIO=3&transport=polling&t=1457961362306-97&sid=FfmDWF84rKexIW__AADU ,200
178.250.62.30,14/03/16,15:16:27,POST,/socket.io/?EIO=3&transport=polling&t=1457961387320-98&sid=FfmDWF84rKexIW__AADU ,200
141.170.240.20,14/03/16,15:16:32,GET,/socket.io/?EIO=3&transport=polling&t=1457961364334-5321&sid=PnjLqvTRz23llV5_AADT ,200
141.170.240.20,14/03/16,15:16:32,POST,/socket.io/?EIO=3&transport=polling&t=1457961392209-5322&sid=PnjLqvTRz23llV5_AADT ,200
178.250.62.30,14/03/16,15:16:40,GET,/?txt=&doctype=Target&cmd=frappe.desk.search.search_link&_=1457960532589 ,200
178.250.62.30,14/03/16,15:16:43,POST,/ ,200
178.250.62.30,14/03/16,15:16:52,GET,/socket.io/?EIO=3&transport=polling&t=1457961387445-99&sid=FfmDWF84rKexIW__AADU ,200
178.250.62.30,14/03/16,15:16:52,POST,/socket.io/?EIO=3&transport=polling&t=1457961412453-100&sid=FfmDWF84rKexIW__AADU ,200
141.170.240.20,14/03/16,15:17:02,GET,/socket.io/?EIO=3&transport=polling&t=1457961392301-5323&sid=PnjLqvTRz23llV5_AADT ,200
141.170.240.20,14/03/16,15:17:02,POST,/socket.io/?EIO=3&transport=polling&t=1457961422057-5324&sid=PnjLqvTRz23llV5_AADT ,200
178.250.62.30,14/03/16,15:17:05,GET,/?txt=W&doctype=Target&cmd=frappe.desk.search.search_link&_=1457960532590 ,200
178.250.62.30,14/03/16,15:17:06,GET,/?txt=Wtz&doctype=Target&cmd=frappe.desk.search.search_link&_=1457960532591 ,200
178.250.62.30,14/03/16,15:17:08,GET,/?txt=W&doctype=Target&cmd=frappe.desk.search.search_link&_=1457960532592 ,200
178.250.62.30,14/03/16,15:17:09,GET,/?txt=We&doctype=Target&cmd=frappe.desk.search.search_link&_=1457960532593 ,200
178.250.62.30,14/03/16,15:17:10,GET,/?txt=Wetz&doctype=Target&cmd=frappe.desk.search.search_link&_=1457960532594 ,200
178.250.62.30,14/03/16,15:17:10,GET,/?txt=Wetzi&doctype=Target&cmd=frappe.desk.search.search_link&_=1457960532595 ,200
178.250.62.30,14/03/16,15:17:11,GET,/?txt=Wetziko&doctype=Target&cmd=frappe.desk.search.search_link&_=1457960532596 ,200
178.250.62.30,14/03/16,15:17:11,GET,/?txt=Wetzikon&doctype=Target&cmd=frappe.desk.search.search_link&_=1457960532597 ,200
178.250.62.30,14/03/16,15:17:13,POST,/ ,200
178.250.62.30,14/03/16,15:17:17,GET,/socket.io/?EIO=3&transport=polling&t=1457961412582-101&sid=FfmDWF84rKexIW__AADU ,200
178.250.62.30,14/03/16,15:17:17,POST,/socket.io/?EIO=3&transport=polling&t=1457961437591-102&sid=FfmDWF84rKexIW__AADU ,200
178.250.62.30,14/03/16,15:17:19,GET,/?value=200383&options=Target&fetch=&cmd=frappe.desk.form.utils.validate_link&_=1457960532598 ,200
178.250.62.30,14/03/16,15:17:19,POST,/ ,200
178.250.62.30,14/03/16,15:17:19,POST,/ ,200
178.250.62.30,14/03/16,15:17:42,GET,/socket.io/?EIO=3&transport=polling&t=1457961437666-103&sid=FfmDWF84rKexIW__AADU ,200
178.250.62.30,14/03/16,15:17:42,POST,/socket.io/?EIO=3&transport=polling&t=1457961462678-104&sid=FfmDWF84rKexIW__AADU ,200
178.250.62.30,14/03/16,15:17:43,POST,/ ,200
141.170.240.20,14/03/16,15:17:55,GET,/socket.io/?EIO=3&transport=polling&t=1457961422147-5325&sid=PnjLqvTRz23llV5_AADT ,200
141.170.240.20,14/03/16,15:17:55,POST,/socket.io/?EIO=3&transport=polling&t=1457961475503-5326&sid=PnjLqvTRz23llV5_AADT ,200
178.250.62.30,14/03/16,15:18:08,GET,/socket.io/?EIO=3&transport=polling&t=1457961462805-105&sid=FfmDWF84rKexIW__AADU ,200
178.250.62.30,14/03/16,15:18:08,POST,/socket.io/?EIO=3&transport=polling&t=1457961487819-106&sid=FfmDWF84rKexIW__AADU ,200
178.250.62.30,14/03/16,15:18:13,POST,/ ,200
141.170.240.20,14/03/16,15:18:21,GET,/socket.io/?EIO=3&transport=polling&t=1457961475598-5327&sid=PnjLqvTRz23llV5_AADT ,200
141.170.240.20,14/03/16,15:18:21,POST,/socket.io/?EIO=3&transport=polling&t=1457961501439-5328&sid=PnjLqvTRz23llV5_AADT ,200
178.250.62.30,14/03/16,15:18:33,GET,/socket.io/?EIO=3&transport=polling&t=1457961487960-107&sid=FfmDWF84rKexIW__AADU ,200
178.250.62.30,14/03/16,15:18:33,POST,/socket.io/?EIO=3&transport=polling&t=1457961512974-108&sid=FfmDWF84rKexIW__AADU ,200
178.250.62.30,14/03/16,15:18:43,POST,/ ,200
141.170.240.20,14/03/16,15:18:57,GET,/socket.io/?EIO=3&transport=polling&t=1457961501537-5329&sid=PnjLqvTRz23llV5_AADT ,200
141.170.240.20,14/03/16,15:18:57,POST,/socket.io/?EIO=3&transport=polling&t=1457961537236-5330&sid=PnjLqvTRz23llV5_AADT ,200
178.250.62.30,14/03/16,15:18:58,GET,/socket.io/?EIO=3&transport=polling&t=1457961513099-109&sid=FfmDWF84rKexIW__AADU ,200
178.250.62.30,14/03/16,15:18:58,POST,/socket.io/?EIO=3&transport=polling&t=1457961538107-110&sid=FfmDWF84rKexIW__AADU ,200
178.250.62.30,14/03/16,15:19:13,POST,/ ,200
178.250.62.30,14/03/16,15:19:23,GET,/socket.io/?EIO=3&transport=polling&t=1457961538232-111&sid=FfmDWF84rKexIW__AADU ,200
178.250.62.30,14/03/16,15:19:23,POST,/socket.io/?EIO=3&transport=polling&t=1457961563250-112&sid=FfmDWF84rKexIW__AADU ,200
141.170.240.20,14/03/16,15:19:28,GET,/socket.io/?EIO=3&transport=polling&t=1457961537324-5331&sid=PnjLqvTRz23llV5_AADT ,200
141.170.240.20,14/03/16,15:19:28,POST,/socket.io/?EIO=3&transport=polling&t=1457961568684-5332&sid=PnjLqvTRz23llV5_AADT ,200
178.250.62.30,14/03/16,15:19:43,POST,/ ,200
178.250.62.30,14/03/16,15:19:48,GET,/socket.io/?EIO=3&transport=polling&t=1457961563375-113&sid=FfmDWF84rKexIW__AADU ,200
178.250.62.30,14/03/16,15:19:48,POST,/socket.io/?EIO=3&transport=polling&t=1457961588392-114&sid=FfmDWF84rKexIW__AADU ,200
141.170.240.20,14/03/16,15:19:54,GET,/socket.io/?EIO=3&transport=polling&t=1457961568770-5333&sid=PnjLqvTRz23llV5_AADT ,200
141.170.240.20,14/03/16,15:19:54,POST,/socket.io/?EIO=3&transport=polling&t=1457961594500-5334&sid=PnjLqvTRz23llV5_AADT ,200
178.250.62.30,14/03/16,15:20:13,POST,/ ,200
178.250.62.30,14/03/16,15:20:13,GET,/socket.io/?EIO=3&transport=polling&t=1457961588454-115&sid=FfmDWF84rKexIW__AADU ,200
178.250.62.30,14/03/16,15:20:13,POST,/socket.io/?EIO=3&transport=polling&t=1457961613471-116&sid=FfmDWF84rKexIW__AADU ,200
141.170.240.20,14/03/16,15:20:20,GET,/socket.io/?EIO=3&transport=polling&t=1457961594600-5335&sid=PnjLqvTRz23llV5_AADT ,200
141.170.240.20,14/03/16,15:20:20,POST,/socket.io/?EIO=3&transport=polling&t=1457961620340-5336&sid=PnjLqvTRz23llV5_AADT ,200
178.250.62.30,14/03/16,15:20:38,GET,/socket.io/?EIO=3&transport=polling&t=1457961613552-117&sid=FfmDWF84rKexIW__AADU ,200
178.250.62.30,14/03/16,15:20:38,POST,/socket.io/?EIO=3&transport=polling&t=1457961638564-118&sid=FfmDWF84rKexIW__AADU ,200
178.250.62.30,14/03/16,15:20:43,POST,/ ,200
178.250.62.30,14/03/16,15:21:03,GET,/socket.io/?EIO=3&transport=polling&t=1457961638689-119&sid=FfmDWF84rKexIW__AADU ,200
178.250.62.30,14/03/16,15:21:03,POST,/socket.io/?EIO=3&transport=polling&t=1457961663691-120&sid=FfmDWF84rKexIW__AADU ,200
141.170.240.20,14/03/16,15:21:09,GET,/socket.io/?EIO=3&transport=polling&t=1457961620447-5337&sid=PnjLqvTRz23llV5_AADT ,200
141.170.240.20,14/03/16,15:21:09,POST,/socket.io/?EIO=3&transport=polling&t=1457961668980-5338&sid=PnjLqvTRz23llV5_AADT ,200
178.250.62.30,14/03/16,15:21:13,POST,/ ,200
178.250.62.30,14/03/16,15:21:29,GET,/socket.io/?EIO=3&transport=polling&t=1457961663816-121&sid=FfmDWF84rKexIW__AADU ,200
178.250.62.30,14/03/16,15:21:29,POST,/socket.io/?EIO=3&transport=polling&t=1457961688838-122&sid=FfmDWF84rKexIW__AADU ,200
141.170.240.20,14/03/16,15:21:34,GET,/socket.io/?EIO=3&transport=polling&t=1457961669065-5339&sid=PnjLqvTRz23llV5_AADT ,200
141.170.240.20,14/03/16,15:21:34,POST,/socket.io/?EIO=3&transport=polling&t=1457961694314-5340&sid=PnjLqvTRz23llV5_AADT ,200
178.250.62.30,14/03/16,15:21:54,GET,/socket.io/?EIO=3&transport=polling&t=1457961688963-123&sid=FfmDWF84rKexIW__AADU ,200
178.250.62.30,14/03/16,15:21:54,POST,/socket.io/?EIO=3&transport=polling&t=1457961713991-124&sid=FfmDWF84rKexIW__AADU ,200
141.170.240.20,14/03/16,15:22:02,GET,/socket.io/?EIO=3&transport=polling&t=1457961694412-5341&sid=PnjLqvTRz23llV5_AADT ,200
141.170.240.20,14/03/16,15:22:02,POST,/socket.io/?EIO=3&transport=polling&t=1457961722478-5342&sid=PnjLqvTRz23llV5_AADT ,200
178.250.62.30,14/03/16,15:22:13,POST,/ ,200
178.250.62.30,14/03/16,15:22:19,GET,/socket.io/?EIO=3&transport=polling&t=1457961714132-125&sid=FfmDWF84rKexIW__AADU ,200
178.250.62.30,14/03/16,15:22:19,POST,/socket.io/?EIO=3&transport=polling&t=1457961739149-126&sid=FfmDWF84rKexIW__AADU ,200
141.170.240.20,14/03/16,15:22:43,GET,/socket.io/?EIO=3&transport=polling&t=1457961722581-5343&sid=PnjLqvTRz23llV5_AADT ,200
141.170.240.20,14/03/16,15:22:43,POST,/socket.io/?EIO=3&transport=polling&t=1457961763294-5344&sid=PnjLqvTRz23llV5_AADT ,200
178.250.62.30,14/03/16,15:22:43,POST,/ ,200
178.250.62.30,14/03/16,15:22:44,GET,/socket.io/?EIO=3&transport=polling&t=1457961739274-127&sid=FfmDWF84rKexIW__AADU ,200
178.250.62.30,14/03/16,15:22:44,POST,/socket.io/?EIO=3&transport=polling&t=1457961764275-128&sid=FfmDWF84rKexIW__AADU ,200
178.250.62.30,14/03/16,15:23:09,GET,/socket.io/?EIO=3&transport=polling&t=1457961764351-129&sid=FfmDWF84rKexIW__AADU ,200
178.250.62.30,14/03/16,15:23:09,POST,/socket.io/?EIO=3&transport=polling&t=1457961789365-130&sid=FfmDWF84rKexIW__AADU ,200
178.250.62.30,14/03/16,15:23:13,POST,/ ,200
141.170.240.20,14/03/16,15:23:15,GET,/socket.io/?EIO=3&transport=polling&t=1457961763411-5345&sid=PnjLqvTRz23llV5_AADT ,200
141.170.240.20,14/03/16,15:23:15,POST,/socket.io/?EIO=3&transport=polling&t=1457961794893-5346&sid=PnjLqvTRz23llV5_AADT ,200
178.250.62.30,14/03/16,15:23:34,GET,/socket.io/?EIO=3&transport=polling&t=1457961789506-131&sid=FfmDWF84rKexIW__AADU ,200
178.250.62.30,14/03/16,15:23:34,POST,/socket.io/?EIO=3&transport=polling&t=1457961814518-132&sid=FfmDWF84rKexIW__AADU ,200
141.170.240.20,14/03/16,15:23:43,GET,/socket.io/?EIO=3&transport=polling&t=1457961794995-5347&sid=PnjLqvTRz23llV5_AADT ,200
141.170.240.20,14/03/16,15:23:43,POST,/socket.io/?EIO=3&transport=polling&t=1457961823268-5348&sid=PnjLqvTRz23llV5_AADT ,200
178.250.62.30,14/03/16,15:23:43,POST,/ ,200
178.250.62.30,14/03/16,15:23:53,GET,/?txt=&doctype=Item&query=erpnext.controllers.queries.item_query&filters=%7B%22is_sales_item%22%3A1%7D&cmd=frappe.desk.search.search_link&_=1457960532599 ,200
178.250.62.30,14/03/16,15:23:59,GET,/socket.io/?EIO=3&transport=polling&t=1457961814674-133&sid=FfmDWF84rKexIW__AADU ,200
178.250.62.30,14/03/16,15:23:59,POST,/socket.io/?EIO=3&transport=polling&t=1457961839688-134&sid=FfmDWF84rKexIW__AADU ,200
178.250.62.30,14/03/16,15:24:13,POST,/ ,200
141.170.240.20,14/03/16,15:24:15,GET,/socket.io/?EIO=3&transport=polling&t=1457961823360-5349&sid=PnjLqvTRz23llV5_AADT ,200
141.170.240.20,14/03/16,15:24:15,POST,/socket.io/?EIO=3&transport=polling&t=1457961855052-5350&sid=PnjLqvTRz23llV5_AADT ,200
178.250.62.30,14/03/16,15:24:25,GET,/socket.io/?EIO=3&transport=polling&t=1457961839813-135&sid=FfmDWF84rKexIW__AADU ,200
178.250.62.30,14/03/16,15:24:25,POST,/socket.io/?EIO=3&transport=polling&t=1457961864823-136&sid=FfmDWF84rKexIW__AADU ,200
178.250.62.30,14/03/16,15:24:43,POST,/ ,200
141.170.240.20,14/03/16,15:24:48,GET,/socket.io/?EIO=3&transport=polling&t=1457961855157-5351&sid=PnjLqvTRz23llV5_AADT ,200
141.170.240.20,14/03/16,15:24:48,POST,/socket.io/?EIO=3&transport=polling&t=1457961888293-5352&sid=PnjLqvTRz23llV5_AADT ,200
178.250.62.30,14/03/16,15:24:49,GET,/?txt=&doctype=Item&query=erpnext.controllers.queries.item_query&filters=%7B%22is_sales_item%22%3A1%7D&cmd=frappe.desk.search.search_link&_=1457960532600 ,200
178.250.62.30,14/03/16,15:24:50,GET,/socket.io/?EIO=3&transport=polling&t=1457961864953-137&sid=FfmDWF84rKexIW__AADU ,200
178.250.62.30,14/03/16,15:24:50,POST,/socket.io/?EIO=3&transport=polling&t=1457961889944-138&sid=FfmDWF84rKexIW__AADU ,200
178.250.62.30,14/03/16,15:24:54,GET,/?value=001&options=Item&fetch=&cmd=frappe.desk.form.utils.validate_link&_=1457960532601 ,200
178.250.62.30,14/03/16,15:24:54,POST,/ ,200
178.250.62.30,14/03/16,15:25:13,POST,/ ,200
178.250.62.30,14/03/16,15:25:15,GET,/socket.io/?EIO=3&transport=polling&t=1457961890022-139&sid=FfmDWF84rKexIW__AADU ,200
178.250.62.30,14/03/16,15:25:15,POST,/socket.io/?EIO=3&transport=polling&t=1457961915020-140&sid=FfmDWF84rKexIW__AADU ,200
141.170.240.20,14/03/16,15:25:18,GET,/socket.io/?EIO=3&transport=polling&t=1457961888393-5353&sid=PnjLqvTRz23llV5_AADT ,200
141.170.240.20,14/03/16,15:25:18,POST,/socket.io/?EIO=3&transport=polling&t=1457961918255-5354&sid=PnjLqvTRz23llV5_AADT ,200
178.250.62.30,14/03/16,15:25:40,GET,/socket.io/?EIO=3&transport=polling&t=1457961915098-141&sid=FfmDWF84rKexIW__AADU ,200
178.250.62.30,14/03/16,15:25:40,POST,/socket.io/?EIO=3&transport=polling&t=1457961940113-142&sid=FfmDWF84rKexIW__AADU ,200
178.250.62.30,14/03/16,15:25:43,POST,/ ,200
141.170.240.20,14/03/16,15:25:46,GET,/socket.io/?EIO=3&transport=polling&t=1457961918358-5355&sid=PnjLqvTRz23llV5_AADT ,200
141.170.240.20,14/03/16,15:25:46,POST,/socket.io/?EIO=3&transport=polling&t=1457961946281-5356&sid=PnjLqvTRz23llV5_AADT ,200
178.250.62.30,14/03/16,15:25:50,GET,/?txt=&doctype=Item&query=erpnext.controllers.queries.item_query&filters=%7B%22is_sales_item%22%3A1%7D&cmd=frappe.desk.search.search_link&_=1457960532602 ,200
178.250.62.30,14/03/16,15:26:05,GET,/socket.io/?EIO=3&transport=polling&t=1457961940238-143&sid=FfmDWF84rKexIW__AADU ,200
178.250.62.30,14/03/16,15:26:05,POST,/socket.io/?EIO=3&transport=polling&t=1457961965256-144&sid=FfmDWF84rKexIW__AADU ,200
178.250.62.30,14/03/16,15:26:12,GET,/?txt=&doctype=Employee&cmd=frappe.desk.search.search_link&_=1457960532603 ,200
141.170.240.20,14/03/16,15:26:12,GET,/socket.io/?EIO=3&transport=polling&t=1457961946383-5357&sid=PnjLqvTRz23llV5_AADT ,200
141.170.240.20,14/03/16,15:26:12,POST,/socket.io/?EIO=3&transport=polling&t=1457961972395-5358&sid=PnjLqvTRz23llV5_AADT ,200
178.250.62.30,14/03/16,15:26:13,POST,/ ,200
178.250.62.30,14/03/16,15:26:13,GET,/?value=Claudio+Corrado&options=Employee&fetch=&cmd=frappe.desk.form.utils.validate_link&_=1457960532604 ,200
178.250.62.30,14/03/16,15:26:13,POST,/ ,200
178.250.62.30,14/03/16,15:26:15,GET,/?txt=&doctype=Employee&cmd=frappe.desk.search.search_link&_=1457960532605 ,200
178.250.62.30,14/03/16,15:26:30,GET,/socket.io/?EIO=3&transport=polling&t=1457961965385-145&sid=FfmDWF84rKexIW__AADU ,200
178.250.62.30,14/03/16,15:26:30,POST,/socket.io/?EIO=3&transport=polling&t=1457961990403-146&sid=FfmDWF84rKexIW__AADU ,200
141.170.240.20,14/03/16,15:26:38,GET,/socket.io/?EIO=3&transport=polling&t=1457961972482-5359&sid=PnjLqvTRz23llV5_AADT ,200
141.170.240.20,14/03/16,15:26:38,POST,/socket.io/?EIO=3&transport=polling&t=1457961998301-5360&sid=PnjLqvTRz23llV5_AADT ,200
178.250.62.30,14/03/16,15:26:39,GET,/?txt=S&doctype=Employee&cmd=frappe.desk.search.search_link&_=1457960532606 ,200
178.250.62.30,14/03/16,15:26:40,GET,/?txt=Sal&doctype=Employee&cmd=frappe.desk.search.search_link&_=1457960532607 ,200
178.250.62.30,14/03/16,15:26:40,GET,/?txt=Salva&doctype=Employee&cmd=frappe.desk.search.search_link&_=1457960532608 ,200
178.250.62.30,14/03/16,15:26:43,POST,/ ,200
178.250.62.30,14/03/16,15:26:43,GET,/?value=Salvatore+Lombardi&options=Employee&fetch=&cmd=frappe.desk.form.utils.validate_link&_=1457960532609 ,200
178.250.62.30,14/03/16,15:26:43,POST,/ ,200
178.250.62.30,14/03/16,15:26:55,GET,/socket.io/?EIO=3&transport=polling&t=1457961990519-147&sid=FfmDWF84rKexIW__AADU ,200
178.250.62.30,14/03/16,15:26:55,POST,/socket.io/?EIO=3&transport=polling&t=1457962015539-148&sid=FfmDWF84rKexIW__AADU ,200
141.170.240.20,14/03/16,15:27:05,GET,/socket.io/?EIO=3&transport=polling&t=1457961998388-5361&sid=PnjLqvTRz23llV5_AADT ,200
141.170.240.20,14/03/16,15:27:05,POST,/socket.io/?EIO=3&transport=polling&t=1457962025745-5362&sid=PnjLqvTRz23llV5_AADT ,200
178.250.62.30,14/03/16,15:27:13,POST,/ ,200
178.250.62.30,14/03/16,15:27:20,GET,/socket.io/?EIO=3&transport=polling&t=1457962015664-149&sid=FfmDWF84rKexIW__AADU ,200
178.250.62.30,14/03/16,15:27:20,POST,/socket.io/?EIO=3&transport=polling&t=1457962040692-150&sid=FfmDWF84rKexIW__AADU ,200
178.250.62.30,14/03/16,15:27:43,GET,/?txt=&doctype=Item&query=erpnext.controllers.queries.item_query&filters=%7B%22is_sales_item%22%3A1%7D&cmd=frappe.desk.search.search_link&_=1457960532610 ,200
178.250.62.30,14/03/16,15:27:43,POST,/ ,200
178.250.62.30,14/03/16,15:27:46,GET,/socket.io/?EIO=3&transport=polling&t=1457962040817-151&sid=FfmDWF84rKexIW__AADU ,200
178.250.62.30,14/03/16,15:27:46,POST,/socket.io/?EIO=3&transport=polling&t=1457962065831-152&sid=FfmDWF84rKexIW__AADU ,200
178.250.62.30,14/03/16,15:27:46,GET,/?value=00088&options=Item&fetch=&cmd=frappe.desk.form.utils.validate_link&_=1457960532611 ,200
178.250.62.30,14/03/16,15:27:46,POST,/ ,200
141.170.240.20,14/03/16,15:27:55,GET,/socket.io/?EIO=3&transport=polling&t=1457962025859-5363&sid=PnjLqvTRz23llV5_AADT ,200
141.170.240.20,14/03/16,15:27:55,POST,/socket.io/?EIO=3&transport=polling&t=1457962075539-5364&sid=PnjLqvTRz23llV5_AADT ,200
178.250.62.30,14/03/16,15:27:59,GET,/?txt=&doctype=Item&query=erpnext.controllers.queries.item_query&filters=%7B%22is_sales_item%22%3A1%7D&cmd=frappe.desk.search.search_link&_=1457960532612 ,200
178.250.62.30,14/03/16,15:28:11,GET,/socket.io/?EIO=3&transport=polling&t=1457962065902-153&sid=FfmDWF84rKexIW__AADU ,200
178.250.62.30,14/03/16,15:28:11,POST,/socket.io/?EIO=3&transport=polling&t=1457962090919-154&sid=FfmDWF84rKexIW__AADU ,200
178.250.62.30,14/03/16,15:28:13,POST,/ ,200
141.170.240.20,14/03/16,15:28:21,GET,/socket.io/?EIO=3&transport=polling&t=1457962075629-5365&sid=PnjLqvTRz23llV5_AADT ,200
141.170.240.20,14/03/16,15:28:21,POST,/socket.io/?EIO=3&transport=polling&t=1457962101318-5366&sid=PnjLqvTRz23llV5_AADT ,200
178.250.62.30,14/03/16,15:28:36,GET,/socket.io/?EIO=3&transport=polling&t=1457962091040-155&sid=FfmDWF84rKexIW__AADU ,200
178.250.62.30,14/03/16,15:28:36,POST,/socket.io/?EIO=3&transport=polling&t=1457962116065-156&sid=FfmDWF84rKexIW__AADU ,200
178.250.62.30,14/03/16,15:28:38,POST,/ ,200
178.250.62.30,14/03/16,15:28:43,POST,/ ,200
178.250.62.30,14/03/16,15:29:01,GET,/socket.io/?EIO=3&transport=polling&t=1457962116190-157&sid=FfmDWF84rKexIW__AADU ,200
178.250.62.30,14/03/16,15:29:01,POST,/socket.io/?EIO=3&transport=polling&t=1457962141201-158&sid=FfmDWF84rKexIW__AADU ,200
178.250.62.30,14/03/16,15:29:13,POST,/ ,200
141.170.240.20,14/03/16,15:29:18,GET,/socket.io/?EIO=3&transport=polling&t=1457962101435-5367&sid=PnjLqvTRz23llV5_AADT ,200
141.170.240.20,14/03/16,15:29:18,POST,/socket.io/?EIO=3&transport=polling&t=1457962158545-5368&sid=PnjLqvTRz23llV5_AADT ,200
178.250.62.30,14/03/16,15:29:26,GET,/socket.io/?EIO=3&transport=polling&t=1457962141334-159&sid=FfmDWF84rKexIW__AADU ,200
178.250.62.30,14/03/16,15:29:26,POST,/socket.io/?EIO=3&transport=polling&t=1457962166354-160&sid=FfmDWF84rKexIW__AADU ,200
178.250.62.30,14/03/16,15:29:43,POST,/ ,200
178.250.62.30,14/03/16,15:29:51,GET,/socket.io/?EIO=3&transport=polling&t=1457962166479-161&sid=FfmDWF84rKexIW__AADU ,200
178.250.62.30,14/03/16,15:29:51,POST,/socket.io/?EIO=3&transport=polling&t=1457962191503-162&sid=FfmDWF84rKexIW__AADU ,200
178.250.62.30,14/03/16,15:30:13,POST,/ ,200
141.170.240.20,14/03/16,15:30:15,GET,/socket.io/?EIO=3&transport=polling&t=1457962158656-5369&sid=PnjLqvTRz23llV5_AADT ,200
141.170.240.20,14/03/16,15:30:15,POST,/socket.io/?EIO=3&transport=polling&t=1457962215551-5370&sid=PnjLqvTRz23llV5_AADT ,200
178.250.62.30,14/03/16,15:30:16,GET,/socket.io/?EIO=3&transport=polling&t=1457962191632-163&sid=FfmDWF84rKexIW__AADU ,200
178.250.62.30,14/03/16,15:30:16,POST,/socket.io/?EIO=3&transport=polling&t=1457962216649-164&sid=FfmDWF84rKexIW__AADU ,200
178.250.62.30,14/03/16,15:30:41,GET,/socket.io/?EIO=3&transport=polling&t=1457962216711-165&sid=FfmDWF84rKexIW__AADU ,200
178.250.62.30,14/03/16,15:30:41,POST,/socket.io/?EIO=3&transport=polling&t=1457962241729-166&sid=FfmDWF84rKexIW__AADU ,200
178.250.62.30,14/03/16,15:30:43,POST,/ ,200
141.170.240.20,14/03/16,15:30:49,GET,/socket.io/?EIO=3&transport=polling&t=1457962215644-5371&sid=PnjLqvTRz23llV5_AADT ,200
141.170.240.20,14/03/16,15:30:49,POST,/socket.io/?EIO=3&transport=polling&t=1457962249755-5372&sid=PnjLqvTRz23llV5_AADT ,200
178.250.62.30,14/03/16,15:31:07,GET,/socket.io/?EIO=3&transport=polling&t=1457962241838-167&sid=FfmDWF84rKexIW__AADU ,200
178.250.62.30,14/03/16,15:31:07,POST,/socket.io/?EIO=3&transport=polling&t=1457962266867-168&sid=FfmDWF84rKexIW__AADU ,200
141.170.240.20,14/03/16,15:31:15,GET,/socket.io/?EIO=3&transport=polling&t=1457962249854-5373&sid=PnjLqvTRz23llV5_AADT ,200
141.170.240.20,14/03/16,15:31:15,POST,/socket.io/?EIO=3&transport=polling&t=1457962275312-5374&sid=PnjLqvTRz23llV5_AADT ,200
178.250.62.30,14/03/16,15:31:32,GET,/socket.io/?EIO=3&transport=polling&t=1457962266992-169&sid=FfmDWF84rKexIW__AADU ,200
178.250.62.30,14/03/16,15:31:32,POST,/socket.io/?EIO=3&transport=polling&t=1457962292015-170&sid=FfmDWF84rKexIW__AADU ,200
141.170.240.20,14/03/16,15:31:49,GET,/socket.io/?EIO=3&transport=polling&t=1457962275403-5375&sid=PnjLqvTRz23llV5_AADT ,200
141.170.240.20,14/03/16,15:31:49,POST,/socket.io/?EIO=3&transport=polling&t=1457962309401-5376&sid=PnjLqvTRz23llV5_AADT ,200
178.250.62.30,14/03/16,15:31:57,GET,/socket.io/?EIO=3&transport=polling&t=1457962292140-171&sid=FfmDWF84rKexIW__AADU ,200
178.250.62.30,14/03/16,15:31:57,POST,/socket.io/?EIO=3&transport=polling&t=1457962317161-172&sid=FfmDWF84rKexIW__AADU ,200
178.250.62.30,14/03/16,15:32:13,POST,/ ,200
178.250.62.30,14/03/16,15:32:22,GET,/socket.io/?EIO=3&transport=polling&t=1457962317286-173&sid=FfmDWF84rKexIW__AADU ,200
178.250.62.30,14/03/16,15:32:22,POST,/socket.io/?EIO=3&transport=polling&t=1457962342290-174&sid=FfmDWF84rKexIW__AADU ,200
178.250.62.30,14/03/16,15:32:27,GET,/print?doctype=Quotation&name=Neu%20Angebot%203&format=Enip&no_letterhead=0 ,404
178.250.62.30,14/03/16,15:32:27,GET,/website_theme.css ,200
178.250.62.30,14/03/16,15:32:27,GET,/website_script.js ,200
141.170.240.20,14/03/16,15:32:32,GET,/socket.io/?EIO=3&transport=polling&t=1457962309521-5377&sid=PnjLqvTRz23llV5_AADT ,200
141.170.240.20,14/03/16,15:32:32,POST,/socket.io/?EIO=3&transport=polling&t=1457962352408-5378&sid=PnjLqvTRz23llV5_AADT ,200
178.250.62.30,14/03/16,15:32:43,POST,/ ,200
178.250.62.30,14/03/16,15:32:43,POST,/ ,200
178.250.62.30,14/03/16,15:32:43,POST,/ ,200
178.250.62.30,14/03/16,15:32:43,POST,/ ,200
178.250.62.30,14/03/16,15:32:47,GET,/socket.io/?EIO=3&transport=polling&t=1457962342431-175&sid=FfmDWF84rKexIW__AADU ,200
178.250.62.30,14/03/16,15:32:47,POST,/socket.io/?EIO=3&transport=polling&t=1457962367434-176&sid=FfmDWF84rKexIW__AADU ,200
178.250.62.30,14/03/16,15:32:48,GET,/?stats=%5B%22_user_tags%22%2C%22status%22%5D&doctype=Quotation&cmd=frappe.desk.reportview.get_stats&_=1457960532613 ,200
178.250.62.30,14/03/16,15:32:48,GET,/?limit_start=0&limit_page_length=20&doctype=Quotation&fields=%5B%22%60tabQuotation%60.%60name%60%22%2C%22%60tabQuotation%60.%60owner%60%22%2C%22%60tabQuotation%60.%60docstatus%60%22%2C%22%60tabQuotation%60.%60_user_tags%60%22%2C%22%60tabQuotation%60.%60_comments%60%22%2C%22%60tabQuotation%60.%60modified%60%22%2C%22%60tabQuotation%60.%60modified_by%60%22%2C%22%60tabQuotation%60.%60_assign%60%22%2C%22%60tabQuotation%60.%60_liked_by%60%22%2C%22%60tabQuotation%60.%60title%60%22%2C%22%60tabQuotation%60.%60grand_total%60%22%2C%22%60tabQuotation%60.%60currency%60%22%2C%22%60tabQuotation%60.%60status%60%22%2C%22%60tabQuotation%60.customer_name%22%2C%22%60tabQuotation%60.base_grand_total%22%2C%22%60tabQuotation%60.status%22%2C%22%60tabQuotation%60.company%22%2C%22%60tabQuotation%60.currency%22%5D&filters=%5B%5B%22Quotation%22%2C%22docstatus%22%2C%22%3D%22%2C%220%22%5D%5D&with_comment_count=true&cmd=frappe.desk.reportview.get&_=1457960532614 ,200
141.170.240.20,14/03/16,15:33:00,GET,/socket.io/?EIO=3&transport=polling&t=1457962352508-5379&sid=PnjLqvTRz23llV5_AADT ,200
141.170.240.20,14/03/16,15:33:00,POST,/socket.io/?EIO=3&transport=polling&t=1457962380264-5380&sid=PnjLqvTRz23llV5_AADT ,200
178.250.62.30,14/03/16,15:33:12,GET,/socket.io/?EIO=3&transport=polling&t=1457962367512-177&sid=FfmDWF84rKexIW__AADU ,200
178.250.62.30,14/03/16,15:33:12,POST,/socket.io/?EIO=3&transport=polling&t=1457962392532-178&sid=FfmDWF84rKexIW__AADU ,200
178.250.62.30,14/03/16,15:33:13,POST,/ ,200
178.250.62.30,14/03/16,15:33:37,GET,/socket.io/?EIO=3&transport=polling&t=1457962392641-179&sid=FfmDWF84rKexIW__AADU ,200
178.250.62.30,14/03/16,15:33:37,POST,/socket.io/?EIO=3&transport=polling&t=1457962417660-180&sid=FfmDWF84rKexIW__AADU ,200
141.170.240.20,14/03/16,15:33:40,GET,/socket.io/?EIO=3&transport=polling&t=1457962380385-5381&sid=PnjLqvTRz23llV5_AADT ,200
141.170.240.20,14/03/16,15:33:40,POST,/socket.io/?EIO=3&transport=polling&t=1457962420806-5382&sid=PnjLqvTRz23llV5_AADT ,200
178.250.62.30,14/03/16,15:33:43,POST,/ ,200
178.250.62.30,14/03/16,15:34:03,GET,/socket.io/?EIO=3&transport=polling&t=1457962417785-181&sid=FfmDWF84rKexIW__AADU ,200
178.250.62.30,14/03/16,15:34:03,POST,/socket.io/?EIO=3&transport=polling&t=1457962442796-182&sid=FfmDWF84rKexIW__AADU ,200
141.170.240.20,14/03/16,15:34:07,GET,/socket.io/?EIO=3&transport=polling&t=1457962420900-5383&sid=PnjLqvTRz23llV5_AADT ,200
141.170.240.20,14/03/16,15:34:07,POST,/socket.io/?EIO=3&transport=polling&t=1457962447113-5384&sid=PnjLqvTRz23llV5_AADT ,200
178.250.62.30,14/03/16,15:34:13,POST,/ ,200
178.250.62.30,14/03/16,15:34:28,GET,/socket.io/?EIO=3&transport=polling&t=1457962442921-183&sid=FfmDWF84rKexIW__AADU ,200
178.250.62.30,14/03/16,15:34:28,POST,/socket.io/?EIO=3&transport=polling&t=1457962467937-184&sid=FfmDWF84rKexIW__AADU ,200
141.170.240.20,14/03/16,15:34:38,GET,/socket.io/?EIO=3&transport=polling&t=1457962447220-5385&sid=PnjLqvTRz23llV5_AADT ,200
141.170.240.20,14/03/16,15:34:38,POST,/socket.io/?EIO=3&transport=polling&t=1457962478730-5386&sid=PnjLqvTRz23llV5_AADT ,200
178.250.62.30,14/03/16,15:34:43,POST,/ ,200
178.250.62.30,14/03/16,15:34:53,GET,/socket.io/?EIO=3&transport=polling&t=1457962468074-185&sid=FfmDWF84rKexIW__AADU ,200
178.250.62.30,14/03/16,15:34:53,POST,/socket.io/?EIO=3&transport=polling&t=1457962493086-186&sid=FfmDWF84rKexIW__AADU ,200
178.250.62.30,14/03/16,15:34:55,GET,/?doctype=Target&with_parent=1&cached_timestamp=&cmd=frappe.desk.form.load.getdoctype&_=1457960532615 ,200
178.250.62.30,14/03/16,15:34:55,GET,/?stats=%5B%22_user_tags%22%5D&doctype=Target&cmd=frappe.desk.reportview.get_stats&_=1457960532616 ,200
178.250.62.30,14/03/16,15:34:56,GET,/?limit_start=0&limit_page_length=20&doctype=Target&fields=%5B%22%60tabTarget%60.%60name%60%22%2C%22%60tabTarget%60.%60owner%60%22%2C%22%60tabTarget%60.%60docstatus%60%22%2C%22%60tabTarget%60.%60_user_tags%60%22%2C%22%60tabTarget%60.%60_comments%60%22%2C%22%60tabTarget%60.%60modified%60%22%2C%22%60tabTarget%60.%60modified_by%60%22%2C%22%60tabTarget%60.%60_assign%60%22%2C%22%60tabTarget%60.%60_liked_by%60%22%2C%22%60tabTarget%60.%60description%60%22%5D&filters=%5B%5D&with_comment_count=true&cmd=frappe.desk.reportview.get&_=1457960532617 ,200
141.170.240.20,14/03/16,15:35:06,GET,/socket.io/?EIO=3&transport=polling&t=1457962478828-5387&sid=PnjLqvTRz23llV5_AADT ,200
141.170.240.20,14/03/16,15:35:06,POST,/socket.io/?EIO=3&transport=polling&t=1457962506036-5388&sid=PnjLqvTRz23llV5_AADT ,200
178.250.62.30,14/03/16,15:35:13,POST,/ ,200
178.250.62.30,14/03/16,15:35:15,GET,/?doctype=Quotation&name=AN-0000000027&cmd=frappe.desk.form.load.getdoc&_=1457960532618 ,200
178.250.62.30,14/03/16,15:35:15,POST,/ ,200
178.250.62.30,14/03/16,15:35:15,POST,/socket.io/?EIO=3&transport=polling&t=1457962515688-188&sid=FfmDWF84rKexIW__AADU ,200
178.250.62.30,14/03/16,15:35:16,POST,/socket.io/?EIO=3&transport=polling&t=1457962515817-189&sid=FfmDWF84rKexIW__AADU ,200
178.250.62.30,14/03/16,15:35:16,POST,/ ,200
93.77.255.165,14/03/16,15:35:16,GET,/api/method/frappe.async.can_subscribe_doc ,200
178.250.62.30,14/03/16,15:35:16,GET,/socket.io/?EIO=3&transport=polling&t=1457962493211-187&sid=FfmDWF84rKexIW__AADU ,200
93.77.255.165,14/03/16,15:35:16,GET,/api/method/frappe.async.can_subscribe_doc ,200
178.250.62.30,14/03/16,15:35:18,GET,/socket.io/?EIO=3&transport=polling&t=1457962516603-190&sid=FfmDWF84rKexIW__AADU ,200
178.250.62.30,14/03/16,15:35:18,POST,/socket.io/?EIO=3&transport=polling&t=1457962518217-191&sid=FfmDWF84rKexIW__AADU ,200
178.250.62.30,14/03/16,15:35:25,POST,/socket.io/?EIO=3&transport=polling&t=1457962525260-193&sid=FfmDWF84rKexIW__AADU ,200
178.250.62.30,14/03/16,15:35:25,POST,/socket.io/?EIO=3&transport=polling&t=1457962525386-194&sid=FfmDWF84rKexIW__AADU ,200
178.250.62.30,14/03/16,15:35:29,GET,/?stats=%5B%22_user_tags%22%2C%22status%22%5D&doctype=Quotation&cmd=frappe.desk.reportview.get_stats&_=1457960532619 ,200
178.250.62.30,14/03/16,15:35:29,GET,/?limit_start=0&limit_page_length=20&doctype=Quotation&fields=%5B%22%60tabQuotation%60.%60name%60%22%2C%22%60tabQuotation%60.%60owner%60%22%2C%22%60tabQuotation%60.%60docstatus%60%22%2C%22%60tabQuotation%60.%60_user_tags%60%22%2C%22%60tabQuotation%60.%60_comments%60%22%2C%22%60tabQuotation%60.%60modified%60%22%2C%22%60tabQuotation%60.%60modified_by%60%22%2C%22%60tabQuotation%60.%60_assign%60%22%2C%22%60tabQuotation%60.%60_liked_by%60%22%2C%22%60tabQuotation%60.%60title%60%22%2C%22%60tabQuotation%60.%60grand_total%60%22%2C%22%60tabQuotation%60.%60currency%60%22%2C%22%60tabQuotation%60.%60status%60%22%2C%22%60tabQuotation%60.customer_name%22%2C%22%60tabQuotation%60.base_grand_total%22%2C%22%60tabQuotation%60.status%22%2C%22%60tabQuotation%60.company%22%2C%22%60tabQuotation%60.currency%22%5D&filters=%5B%5B%22Quotation%22%2C%22docstatus%22%2C%22%3D%22%2C%220%22%5D%5D&with_comment_count=true&cmd=frappe.desk.reportview.get&_=1457960532620 ,200
141.170.240.20,14/03/16,15:35:31,GET,/socket.io/?EIO=3&transport=polling&t=1457962506145-5389&sid=PnjLqvTRz23llV5_AADT ,200
141.170.240.20,14/03/16,15:35:31,POST,/socket.io/?EIO=3&transport=polling&t=1457962531278-5390&sid=PnjLqvTRz23llV5_AADT ,200
178.250.62.30,14/03/16,15:35:41,GET,/?doctype=Quotation&name=AN-0000000018&cmd=frappe.desk.form.load.getdoc&_=1457960532621 ,200
178.250.62.30,14/03/16,15:35:41,POST,/socket.io/?EIO=3&transport=polling&t=1457962541627-195&sid=FfmDWF84rKexIW__AADU ,200
178.250.62.30,14/03/16,15:35:41,GET,/private/files/ClaudioCorrado.png ,403
178.250.62.30,14/03/16,15:35:41,POST,/socket.io/?EIO=3&transport=polling&t=1457962541765-196&sid=FfmDWF84rKexIW__AADU ,200
178.250.62.30,14/03/16,15:35:42,GET,/private/files/AndreArcari.png ,403
178.250.62.30,14/03/16,15:35:42,GET,/socket.io/?EIO=3&transport=polling&t=1457962518279-192&sid=FfmDWF84rKexIW__AADU ,200
93.77.255.165,14/03/16,15:35:42,GET,/api/method/frappe.async.can_subscribe_doc ,200
93.77.255.165,14/03/16,15:35:42,GET,/api/method/frappe.async.can_subscribe_doc ,200
178.250.62.30,14/03/16,15:35:43,GET,/socket.io/?EIO=3&transport=polling&t=1457962542068-197&sid=FfmDWF84rKexIW__AADU ,200
178.250.62.30,14/03/16,15:35:43,POST,/socket.io/?EIO=3&transport=polling&t=1457962543288-198&sid=FfmDWF84rKexIW__AADU ,200
178.250.62.30,14/03/16,15:35:43,POST,/ ,200
141.170.240.20,14/03/16,15:35:58,GET,/socket.io/?EIO=3&transport=polling&t=1457962531396-5391&sid=PnjLqvTRz23llV5_AADT ,200
141.170.240.20,14/03/16,15:35:58,POST,/socket.io/?EIO=3&transport=polling&t=1457962558656-5392&sid=PnjLqvTRz23llV5_AADT ,200
178.250.62.30,14/03/16,15:36:08,GET,/socket.io/?EIO=3&transport=polling&t=1457962543351-199&sid=FfmDWF84rKexIW__AADU ,200
178.250.62.30,14/03/16,15:36:08,POST,/socket.io/?EIO=3&transport=polling&t=1457962568375-200&sid=FfmDWF84rKexIW__AADU ,200
178.250.62.30,14/03/16,15:36:13,POST,/ ,200
141.170.240.20,14/03/16,15:36:24,GET,/socket.io/?EIO=3&transport=polling&t=1457962558776-5393&sid=PnjLqvTRz23llV5_AADT ,200
141.170.240.20,14/03/16,15:36:24,POST,/socket.io/?EIO=3&transport=polling&t=1457962584475-5394&sid=PnjLqvTRz23llV5_AADT ,200
178.250.62.30,14/03/16,15:36:33,GET,/socket.io/?EIO=3&transport=polling&t=1457962568500-201&sid=FfmDWF84rKexIW__AADU ,200
178.250.62.30,14/03/16,15:36:33,POST,/socket.io/?EIO=3&transport=polling&t=1457962593508-202&sid=FfmDWF84rKexIW__AADU ,200
178.250.62.30,14/03/16,15:36:43,POST,/ ,200
178.250.62.30,14/03/16,15:36:44,GET,/?txt=&doctype=Opportunity&filters=%7B%22status%22%3A%5B%22not+in%22%2C%5B%22Lost%22%2C%22Closed%22%5D%5D%2C%22enquiry_type%22%3A%22Sales%22%2C%22customer%22%3A%22KND-101360%22%2C%22company%22%3A%22ENIP%22%7D&cmd=frappe.desk.search.search_link&_=1457960532622 ,200
141.170.240.20,14/03/16,15:36:50,GET,/socket.io/?EIO=3&transport=polling&t=1457962584666-5395&sid=PnjLqvTRz23llV5_AADT ,200
141.170.240.20,14/03/16,15:36:50,POST,/socket.io/?EIO=3&transport=polling&t=1457962610431-5396&sid=PnjLqvTRz23llV5_AADT ,200
178.250.62.30,14/03/16,15:36:54,POST,/socket.io/?EIO=3&transport=polling&t=1457962613805-204&sid=FfmDWF84rKexIW__AADU ,200
178.250.62.30,14/03/16,15:36:54,POST,/socket.io/?EIO=3&transport=polling&t=1457962613928-205&sid=FfmDWF84rKexIW__AADU ,200
178.250.62.30,14/03/16,15:36:54,GET,/?stats=%5B%22_user_tags%22%2C%22status%22%5D&doctype=Quotation&cmd=frappe.desk.reportview.get_stats&_=1457960532623 ,200
178.250.62.30,14/03/16,15:36:54,GET,/?limit_start=0&limit_page_length=20&doctype=Quotation&fields=%5B%22%60tabQuotation%60.%60name%60%22%2C%22%60tabQuotation%60.%60owner%60%22%2C%22%60tabQuotation%60.%60docstatus%60%22%2C%22%60tabQuotation%60.%60_user_tags%60%22%2C%22%60tabQuotation%60.%60_comments%60%22%2C%22%60tabQuotation%60.%60modified%60%22%2C%22%60tabQuotation%60.%60modified_by%60%22%2C%22%60tabQuotation%60.%60_assign%60%22%2C%22%60tabQuotation%60.%60_liked_by%60%22%2C%22%60tabQuotation%60.%60title%60%22%2C%22%60tabQuotation%60.%60grand_total%60%22%2C%22%60tabQuotation%60.%60currency%60%22%2C%22%60tabQuotation%60.%60status%60%22%2C%22%60tabQuotation%60.customer_name%22%2C%22%60tabQuotation%60.base_grand_total%22%2C%22%60tabQuotation%60.status%22%2C%22%60tabQuotation%60.company%22%2C%22%60tabQuotation%60.currency%22%5D&filters=%5B%5B%22Quotation%22%2C%22docstatus%22%2C%22%3D%22%2C%220%22%5D%5D&with_comment_count=true&cmd=frappe.desk.reportview.get&_=1457960532624 ,200
178.250.62.30,14/03/16,15:36:58,GET,/socket.io/?EIO=3&transport=polling&t=1457962593633-203&sid=FfmDWF84rKexIW__AADU ,200
178.250.62.30,14/03/16,15:36:58,POST,/socket.io/?EIO=3&transport=polling&t=1457962618636-206&sid=FfmDWF84rKexIW__AADU ,200
178.250.62.30,14/03/16,15:37:13,POST,/ ,200
141.170.240.20,14/03/16,15:37:21,GET,/socket.io/?EIO=3&transport=polling&t=1457962610538-5397&sid=PnjLqvTRz23llV5_AADT ,200
141.170.240.20,14/03/16,15:37:21,POST,/socket.io/?EIO=3&transport=polling&t=1457962641104-5398&sid=PnjLqvTRz23llV5_AADT ,200
178.250.62.30,14/03/16,15:37:23,GET,/?limit_start=0&limit_page_length=20&doctype=Quotation&fields=%5B%22%60tabQuotation%60.%60name%60%22%2C%22%60tabQuotation%60.%60owner%60%22%2C%22%60tabQuotation%60.%60docstatus%60%22%2C%22%60tabQuotation%60.%60_user_tags%60%22%2C%22%60tabQuotation%60.%60_comments%60%22%2C%22%60tabQuotation%60.%60modified%60%22%2C%22%60tabQuotation%60.%60modified_by%60%22%2C%22%60tabQuotation%60.%60_assign%60%22%2C%22%60tabQuotation%60.%60_liked_by%60%22%2C%22%60tabQuotation%60.%60title%60%22%2C%22%60tabQuotation%60.%60grand_total%60%22%2C%22%60tabQuotation%60.%60currency%60%22%2C%22%60tabQuotation%60.%60status%60%22%2C%22%60tabQuotation%60.customer_name%22%2C%22%60tabQuotation%60.base_grand_total%22%2C%22%60tabQuotation%60.status%22%2C%22%60tabQuotation%60.company%22%2C%22%60tabQuotation%60.currency%22%5D&filters=%5B%5B%22Quotation%22%2C%22docstatus%22%2C%22%3D%22%2C%220%22%5D%2C%5B%22Quotation%22%2C%22status%22%2C%22%3D%22%2C%22Replied%22%5D%5D&with_comment_count=true&cmd=frappe.desk.reportview.get&_=1457960532625 ,200
178.250.62.30,14/03/16,15:37:23,GET,/socket.io/?EIO=3&transport=polling&t=1457962618698-207&sid=FfmDWF84rKexIW__AADU ,200
178.250.62.30,14/03/16,15:37:23,POST,/socket.io/?EIO=3&transport=polling&t=1457962643710-208&sid=FfmDWF84rKexIW__AADU ,200
178.250.62.30,14/03/16,15:37:34,GET,/?limit_start=0&limit_page_length=20&doctype=Quotation&fields=%5B%22%60tabQuotation%60.%60name%60%22%2C%22%60tabQuotation%60.%60quotation_to%60%22%2C%22%60tabQuotation%60.%60lead%60%22%2C%22%60tabQuotation%60.%60customer%60%22%2C%22%60tabQuotation%60.%60company%60%22%2C%22%60tabQuotation%60.%60customer_address%60%22%2C%22%60tabQuotation%60.%60contact_person%60%22%2C%22%60tabQuotation%60.%60territory%60%22%2C%22%60tabQuotation%60.%60customer_group%60%22%2C%22%60tabQuotation%60.%60order_type%60%22%2C%22%60tabQuotation%60.%60transaction_date%60%22%2C%22%60tabQuotation%60.%60currency%60%22%2C%22%60tabQuotation%60.%60selling_price_list%60%22%2C%22%60tabQuotation%60.%60grand_total%60%22%2C%22%60tabQuotation%60.%60status%60%22%2C%22%60tabQuotation%60.%60fiscal_year%60%22%5D&order_by=%60tabQuotation%60.%60modified%60+desc&filters=%5B%5B%22Quotation%22%2C%22docstatus%22%2C%22!%3D%22%2C%222%22%5D%5D&with_childnames=1&cmd=frappe.desk.reportview.get&_=1457960532626 ,200
178.250.62.30,14/03/16,15:37:43,POST,/ ,200
141.170.240.20,14/03/16,15:37:46,GET,/socket.io/?EIO=3&transport=polling&t=1457962641197-5399&sid=PnjLqvTRz23llV5_AADT ,200
141.170.240.20,14/03/16,15:37:46,POST,/socket.io/?EIO=3&transport=polling&t=1457962666290-5400&sid=PnjLqvTRz23llV5_AADT ,200
178.250.62.30,14/03/16,15:37:49,GET,/socket.io/?EIO=3&transport=polling&t=1457962643927-209&sid=FfmDWF84rKexIW__AADU ,200
178.250.62.30,14/03/16,15:37:49,POST,/socket.io/?EIO=3&transport=polling&t=1457962668927-210&sid=FfmDWF84rKexIW__AADU ,200
141.170.240.20,14/03/16,15:38:12,GET,/socket.io/?EIO=3&transport=polling&t=1457962666458-5401&sid=PnjLqvTRz23llV5_AADT ,200
141.170.240.20,14/03/16,15:38:12,POST,/socket.io/?EIO=3&transport=polling&t=1457962692272-5402&sid=PnjLqvTRz23llV5_AADT ,404
178.250.62.30,14/03/16,15:38:13,POST,/ ,200
178.250.62.30,14/03/16,15:38:14,GET,/socket.io/?EIO=3&transport=polling&t=1457962669058-211&sid=FfmDWF84rKexIW__AADU ,200
178.250.62.30,14/03/16,15:38:14,POST,/socket.io/?EIO=3&transport=polling&t=1457962694061-212&sid=FfmDWF84rKexIW__AADU ,200
178.250.62.30,14/03/16,15:38:25,GET,/?stats=%5B%22_user_tags%22%2C%22status%22%5D&doctype=Quotation&cmd=frappe.desk.reportview.get_stats&_=1457960532627 ,200
178.250.62.30,14/03/16,15:38:25,GET,/?limit_start=0&limit_page_length=20&doctype=Quotation&fields=%5B%22%60tabQuotation%60.%60name%60%22%2C%22%60tabQuotation%60.%60owner%60%22%2C%22%60tabQuotation%60.%60docstatus%60%22%2C%22%60tabQuotation%60.%60_user_tags%60%22%2C%22%60tabQuotation%60.%60_comments%60%22%2C%22%60tabQuotation%60.%60modified%60%22%2C%22%60tabQuotation%60.%60modified_by%60%22%2C%22%60tabQuotation%60.%60_assign%60%22%2C%22%60tabQuotation%60.%60_liked_by%60%22%2C%22%60tabQuotation%60.%60title%60%22%2C%22%60tabQuotation%60.%60grand_total%60%22%2C%22%60tabQuotation%60.%60currency%60%22%2C%22%60tabQuotation%60.%60status%60%22%2C%22%60tabQuotation%60.customer_name%22%2C%22%60tabQuotation%60.base_grand_total%22%2C%22%60tabQuotation%60.status%22%2C%22%60tabQuotation%60.company%22%2C%22%60tabQuotation%60.currency%22%5D&filters=%5B%5B%22Quotation%22%2C%22docstatus%22%2C%22%3D%22%2C%220%22%5D%2C%5B%22Quotation%22%2C%22status%22%2C%22%3D%22%2C%22Replied%22%5D%5D&with_comment_count=true&cmd=frappe.desk.reportview.get&_=1457960532628 ,200
178.250.62.30,14/03/16,15:38:39,GET,/socket.io/?EIO=3&transport=polling&t=1457962694139-213&sid=FfmDWF84rKexIW__AADU ,200
178.250.62.30,14/03/16,15:38:39,POST,/socket.io/?EIO=3&transport=polling&t=1457962719161-214&sid=FfmDWF84rKexIW__AADU ,200
141.170.240.20,14/03/16,15:38:42,GET,/socket.io/?EIO=3&transport=polling&t=1457962692360-5403&sid=PnjLqvTRz23llV5_AADT ,200
141.170.240.20,14/03/16,15:38:42,POST,/socket.io/?EIO=3&transport=polling&t=1457962722214-5404&sid=PnjLqvTRz23llV5_AADT ,200
178.250.62.30,14/03/16,15:38:43,POST,/ ,200
178.250.62.30,14/03/16,15:38:48,GET,/?doctype=Sales+Order&with_parent=1&cached_timestamp=&cmd=frappe.desk.form.load.getdoctype&_=1457960532629 ,200
178.250.62.30,14/03/16,15:38:48,GET,/?stats=%5B%22_user_tags%22%2C%22status%22%5D&doctype=Sales+Order&cmd=frappe.desk.reportview.get_stats&_=1457960532630 ,200
178.250.62.30,14/03/16,15:38:48,GET,/?limit_start=0&limit_page_length=20&doctype=Sales+Order&fields=%5B%22%60tabSales+Order%60.%60name%60%22%2C%22%60tabSales+Order%60.%60owner%60%22%2C%22%60tabSales+Order%60.%60docstatus%60%22%2C%22%60tabSales+Order%60.%60_user_tags%60%22%2C%22%60tabSales+Order%60.%60_comments%60%22%2C%22%60tabSales+Order%60.%60modified%60%22%2C%22%60tabSales+Order%60.%60modified_by%60%22%2C%22%60tabSales+Order%60.%60_assign%60%22%2C%22%60tabSales+Order%60.%60_liked_by%60%22%2C%22%60tabSales+Order%60.%60title%60%22%2C%22%60tabSales+Order%60.%60grand_total%60%22%2C%22%60tabSales+Order%60.%60currency%60%22%2C%22%60tabSales+Order%60.%60status%60%22%2C%22%60tabSales+Order%60.%60per_delivered%60%22%2C%22%60tabSales+Order%60.%60per_billed%60%22%2C%22%60tabSales+Order%60.base_grand_total%22%2C%22%60tabSales+Order%60.customer_name%22%2C%22%60tabSales+Order%60.currency%22%2C%22%60tabSales+Order%60.delivery_date%22%2C%22%60tabSales+Order%60.per_delivered%22%2C%22%60tabSales+Order%60.per_billed%22%2C%22%60tabSales+Order%60.status%22%2C%22%60tabSales+Order%60.order_type%22%5D&filters=%5B%5B%22Sales+Order%22%2C%22docstatus%22%2C%22!%3D%22%2C%222%22%5D%5D&with_comment_count=true&cmd=frappe.desk.reportview.get&_=1457960532631 ,200
178.250.62.30,14/03/16,15:38:53,GET,/?stats=%5B%22_user_tags%22%2C%22status%22%5D&doctype=Quotation&cmd=frappe.desk.reportview.get_stats&_=1457960532632 ,200
178.250.62.30,14/03/16,15:39:04,GET,/socket.io/?EIO=3&transport=polling&t=1457962719286-215&sid=FfmDWF84rKexIW__AADU ,200
178.250.62.30,14/03/16,15:39:04,POST,/socket.io/?EIO=3&transport=polling&t=1457962744294-216&sid=FfmDWF84rKexIW__AADU ,200
178.250.62.30,14/03/16,15:39:13,POST,/ ,200
141.170.240.20,14/03/16,15:39:18,GET,/socket.io/?EIO=3&transport=polling&t=1457962722299-5405&sid=PnjLqvTRz23llV5_AADT ,200
141.170.240.20,14/03/16,15:39:18,POST,/socket.io/?EIO=3&transport=polling&t=1457962758363-5406&sid=PnjLqvTRz23llV5_AADT ,200
178.250.62.30,14/03/16,15:39:19,GET,/?doctype=Quotation&name=AN-00002918&cmd=frappe.desk.form.load.getdoc&_=1457960532633 ,200
178.250.62.30,14/03/16,15:39:19,POST,/ ,200
178.250.62.30,14/03/16,15:39:19,POST,/socket.io/?EIO=3&transport=polling&t=1457962759623-218&sid=FfmDWF84rKexIW__AADU ,200
178.250.62.30,14/03/16,15:39:19,GET,/files/Barbara%20Lombardi.png ,200
178.250.62.30,14/03/16,15:39:19,POST,/ ,200
178.250.62.30,14/03/16,15:39:19,POST,/socket.io/?EIO=3&transport=polling&t=1457962759802-219&sid=FfmDWF84rKexIW__AADU ,200
93.77.255.165,14/03/16,15:39:20,GET,/api/method/frappe.async.can_subscribe_doc ,200
178.250.62.30,14/03/16,15:39:20,GET,/socket.io/?EIO=3&transport=polling&t=1457962744435-217&sid=FfmDWF84rKexIW__AADU ,200
93.77.255.165,14/03/16,15:39:20,GET,/api/method/frappe.async.can_subscribe_doc ,200
178.250.62.30,14/03/16,15:39:29,GET,/socket.io/?EIO=3&transport=polling&t=1457962760023-220&sid=FfmDWF84rKexIW__AADU ,200
178.250.62.30,14/03/16,15:39:29,POST,/socket.io/?EIO=3&transport=polling&t=1457962769446-221&sid=FfmDWF84rKexIW__AADU ,200
178.250.62.30,14/03/16,15:39:43,POST,/ ,200
141.170.240.20,14/03/16,15:39:46,GET,/socket.io/?EIO=3&transport=polling&t=1457962758506-5407&sid=PnjLqvTRz23llV5_AADT ,200
141.170.240.20,14/03/16,15:39:46,POST,/socket.io/?EIO=3&transport=polling&t=1457962786012-5408&sid=PnjLqvTRz23llV5_AADT ,200
178.250.62.30,14/03/16,15:39:51,POST,/socket.io/?EIO=3&transport=polling&t=1457962791109-223&sid=FfmDWF84rKexIW__AADU ,200
178.250.62.30,14/03/16,15:39:51,POST,/socket.io/?EIO=3&transport=polling&t=1457962791221-224&sid=FfmDWF84rKexIW__AADU ,200
178.250.62.30,14/03/16,15:39:52,GET,/?stats=%5B%22_user_tags%22%2C%22status%22%5D&doctype=Quotation&cmd=frappe.desk.reportview.get_stats&_=1457960532634 ,200
178.250.62.30,14/03/16,15:39:52,GET,/?limit_start=0&limit_page_length=20&doctype=Quotation&fields=%5B%22%60tabQuotation%60.%60name%60%22%2C%22%60tabQuotation%60.%60owner%60%22%2C%22%60tabQuotation%60.%60docstatus%60%22%2C%22%60tabQuotation%60.%60_user_tags%60%22%2C%22%60tabQuotation%60.%60_comments%60%22%2C%22%60tabQuotation%60.%60modified%60%22%2C%22%60tabQuotation%60.%60modified_by%60%22%2C%22%60tabQuotation%60.%60_assign%60%22%2C%22%60tabQuotation%60.%60_liked_by%60%22%2C%22%60tabQuotation%60.%60title%60%22%2C%22%60tabQuotation%60.%60grand_total%60%22%2C%22%60tabQuotation%60.%60currency%60%22%2C%22%60tabQuotation%60.%60status%60%22%2C%22%60tabQuotation%60.customer_name%22%2C%22%60tabQuotation%60.base_grand_total%22%2C%22%60tabQuotation%60.status%22%2C%22%60tabQuotation%60.company%22%2C%22%60tabQuotation%60.currency%22%5D&filters=%5B%5B%22Quotation%22%2C%22docstatus%22%2C%22%3D%22%2C%220%22%5D%5D&with_comment_count=true&cmd=frappe.desk.reportview.get&_=1457960532635 ,200
178.250.62.30,14/03/16,15:39:54,GET,/socket.io/?EIO=3&transport=polling&t=1457962769587-222&sid=FfmDWF84rKexIW__AADU ,200
178.250.62.30,14/03/16,15:39:54,POST,/socket.io/?EIO=3&transport=polling&t=1457962794604-225&sid=FfmDWF84rKexIW__AADU ,200
141.170.240.20,14/03/16,15:40:12,GET,/socket.io/?EIO=3&transport=polling&t=1457962786105-5409&sid=PnjLqvTRz23llV5_AADT ,200
141.170.240.20,14/03/16,15:40:12,POST,/socket.io/?EIO=3&transport=polling&t=1457962812269-5410&sid=PnjLqvTRz23llV5_AADT ,200
178.250.62.30,14/03/16,15:40:13,POST,/ ,200
178.250.62.30,14/03/16,15:40:19,GET,/socket.io/?EIO=3&transport=polling&t=1457962794682-226&sid=FfmDWF84rKexIW__AADU ,200
178.250.62.30,14/03/16,15:40:19,POST,/socket.io/?EIO=3&transport=polling&t=1457962819689-227&sid=FfmDWF84rKexIW__AADU ,200
178.250.62.30,14/03/16,15:40:29,GET,/?doctype=Quotation&name=AN-0000000012&cmd=frappe.desk.form.load.getdoc&_=1457960532636 ,200
178.250.62.30,14/03/16,15:40:30,POST,/socket.io/?EIO=3&transport=polling&t=1457962830066-229&sid=FfmDWF84rKexIW__AADU ,200
178.250.62.30,14/03/16,15:40:30,POST,/socket.io/?EIO=3&transport=polling&t=1457962830154-230&sid=FfmDWF84rKexIW__AADU ,200
178.250.62.30,14/03/16,15:40:30,GET,/socket.io/?EIO=3&transport=polling&t=1457962819829-228&sid=FfmDWF84rKexIW__AADU ,404
93.77.255.165,14/03/16,15:40:30,GET,/api/method/frappe.async.can_subscribe_doc ,200
93.77.255.165,14/03/16,15:40:30,GET,/api/method/frappe.async.can_subscribe_doc ,200
141.170.240.20,14/03/16,15:40:39,GET,/socket.io/?EIO=3&transport=polling&t=1457962812382-5411&sid=PnjLqvTRz23llV5_AADT ,200
141.170.240.20,14/03/16,15:40:39,POST,/socket.io/?EIO=3&transport=pol